"EVALUATION"    , "DRAG"          , "EFFICIENCY"    , "FORCE_X"       , "FORCE_Y"       , "FORCE_Z"       , "LIFT"          , "MOMENT_X"      , "MOMENT_Y"      , "MOMENT_Z"      , "SIDEFORCE"     , "WING_VOLUME"   , "WING_MIN_THICKNESS", "WING_MAX_THICKNESS", "WING_MIN_CHORD", "WING_MAX_CHORD", "WING_MIN_LE_RADIUS", "WING_MAX_LE_RADIUS", "WING_MIN_TOC"  , "WING_MAX_TOC"  , "WING_OBJFUN_MIN_TOC", "WING_MAX_TWIST", "WING_MAX_CURVATURE", "WING_MAX_DIHEDRAL", "STATION1_AREA" , "STATION2_AREA" , "STATION3_AREA" , "STATION4_AREA" , "STATION5_AREA" , "STATION1_THICKNESS", "STATION2_THICKNESS", "STATION3_THICKNESS", "STATION4_THICKNESS", "STATION5_THICKNESS", "STATION1_CHORD", "STATION2_CHORD", "STATION3_CHORD", "STATION4_CHORD", "STATION5_CHORD", "STATION1_LE_RADIUS", "STATION2_LE_RADIUS", "STATION3_LE_RADIUS", "STATION4_LE_RADIUS", "STATION5_LE_RADIUS", "STATION1_TOC"  , "STATION2_TOC"  , "STATION3_TOC"  , "STATION4_TOC"  , "STATION5_TOC"  , "STATION1_TWIST", "STATION2_TWIST", "STATION3_TWIST", "STATION4_TWIST", "STATION5_TWIST", "Time_Iter"     , "Outer_Iter"    , "Inner_Iter"    , "RMS_DENSITY"   , "RMS_MOMENTUM-X", "RMS_MOMENTUM-Y", "rms[RhoW]"     , "RMS_ENERGY"    , "avg[bgs]"      , "rms[U][1]"     , "rms[R][1]"     , "rms[E][1]"     , "rms[DispX][1]" , "rms[DispY][1]" , "rms[DispZ][1]" , "avg[bgs][1]"   
1               , 0.009543917348  , 40.04692651     , -0.003800643214 , -0.01131809481  , 0.3823048059    , 0.3822045567    , 0.3148615877    , -0.1746707327   , -0.005053132664 , -0.01131809481  , 0.0663878       , 0.0453012         , 0.120013          , 0.36818         , 0.998404        , 27.9464           , 56.4829           , 0.120156        , 0.124997        , 0.0501562          , 0.544655        , 2.74975           , 5.73559          , 0.0819834       , 0.0584398       , 0.0388635       , 0.0232098       , 0.0115601       , 0.120013          , 0.101387          , 0.0826147         , 0.0639264         , 0.0453012         , 0.998404        , 0.827544        , 0.684062        , 0.512568        , 0.36818         , 27.9464           , 46.3639           , 51.6845           , 36.3421           , 40.7107           , 0.120205        , 0.122516        , 0.120771        , 0.124718        , 0.123041        , -0.091821       , 0.154978        , -0.155631       , -0.544655       , 0.087036        , 0.0             , 29.0            , 0.0             , -13.13278898    , -10.51925131    , -10.77830417    , -10.79688733    , -7.592986552    , -3.428975229    , -4.300019475    , 2.160398256     , -4.319152751    , 0.0             , 0.0             , 0.0             , -6.157514708    
2               , 0.00976807125   , 38.81011458     , -0.003468277152 , -0.01196779792  , 0.3792099277    , 0.3790999644    , 0.3140007287    , -0.1731363876   , -0.005773217736 , -0.01196779792  , 0.0668868       , 0.0497237         , 0.119991          , 0.36818         , 0.998132        , 27.949            , 54.8966           , 0.12014         , 0.135053        , 0.0501395          , 0.473375        , 2.7228            , 5.72149          , 0.0819704       , 0.0584395       , 0.0390206       , 0.0238475       , 0.0124411       , 0.119991          , 0.101394          , 0.0830991         , 0.0662983         , 0.0497237         , 0.998132        , 0.827544        , 0.684061        , 0.512563        , 0.36818         , 27.949            , 46.3704           , 51.5304           , 35.9486           , 39.6532           , 0.120216        , 0.122524        , 0.121479        , 0.129347        , 0.135053        , -0.106626       , 0.141334        , -0.134044       , -0.473375       , 0.0869262       , 0.0             , 29.0            , 0.0             , -13.13316803    , -10.57536731    , -10.76259194    , -10.79686519    , -7.631505443    , -3.703814649    , -5.009227986    , 0.5697810872    , -5.995184314    , 0.0             , 0.0             , 0.0             , -6.957188645    
3               , 0.009574248765  , 39.1895795      , -0.003526251097 , -0.0117041442   , 0.3753163513    , 0.3752107831    , 0.3111061462    , -0.1712224562   , -0.005572419756 , -0.0117041442   , 0.0669167       , 0.0500057         , 0.119998          , 0.36818         , 0.997834        , 27.9473           , 54.8054           , 0.12014         , 0.135819        , 0.0501404          , 0.487224        , 2.71505           , 5.70722          , 0.0819686       , 0.0584391       , 0.0390302       , 0.023886        , 0.0124951       , 0.119998          , 0.101395          , 0.0831272         , 0.066439          , 0.0500057         , 0.997834        , 0.827543        , 0.684061        , 0.512564        , 0.36818         , 27.9473           , 46.3749           , 51.5286           , 35.9261           , 39.5932           , 0.120259        , 0.122526        , 0.12152         , 0.129621        , 0.135819        , -0.124633       , 0.126737        , -0.149189       , -0.487224       , 0.0684062       , 0.0             , 29.0            , 0.0             , -13.13879257    , -10.5850002     , -10.78398863    , -10.79680661    , -7.612309808    , -4.141506601    , -4.916833844    , 0.8892966676    , -5.504825182    , 0.0             , 0.0             , 0.0             , -6.865837242    
4               , 0.009046022194  , 40.36124957     , -0.003701600344 , -0.01106706406  , 0.3652020466    , 0.3651087594    , 0.3037607464    , -0.1665014441   , -0.005074578658 , -0.01106706406  , 0.066967        , 0.0505883         , 0.119988          , 0.36818         , 0.997162        , 27.9482           , 54.6152           , 0.120101        , 0.137401        , 0.050101           , 0.532037        , 2.69565           , 5.67168          , 0.0819588       , 0.0584177       , 0.0390403       , 0.0239682       , 0.0126154       , 0.119988          , 0.101357          , 0.0831583         , 0.0667363         , 0.0505883         , 0.997162        , 0.827542        , 0.684063        , 0.512567        , 0.36818         , 27.9482           , 46.3977           , 51.5431           , 35.8813           , 39.4549           , 0.12033         , 0.12248         , 0.121565        , 0.1302          , 0.137401        , -0.166681       , 0.0827133       , -0.199091       , -0.530825       , 0.0108311       , 0.0             , 29.0            , 0.0             , -13.1312208     , -10.53621655    , -10.7942268     , -10.79127201    , -7.620701326    , -4.199318759    , -5.06958414     , -0.5198952333   , -6.547336682    , 0.0             , 0.0             , 0.0             , -7.255994564    
5               , 0.008488245979  , 41.77478552     , -0.00389209983  , -0.01054860639  , 0.3546748812    , 0.3545946552    , 0.2966157054    , -0.1619321612   , -0.004638393206 , -0.01054860639  , 0.0670106       , 0.0512417         , 0.119934          , 0.36818         , 0.996505        , 27.9534           , 54.4204           , 0.120025        , 0.139176        , 0.0500249          , 0.58472         , 2.67552           , 5.64192          , 0.0819211       , 0.058382        , 0.039046        , 0.0240582       , 0.0127481       , 0.119934          , 0.101291          , 0.0831759         , 0.0670567         , 0.0512417         , 0.996505        , 0.827542        , 0.684066        , 0.512571        , 0.36818         , 27.9534           , 46.4401           , 51.5822           , 35.8358           , 39.2984           , 0.120355        , 0.1224          , 0.121591        , 0.130824        , 0.139176        , -0.210966       , 0.030433        , -0.258095       , -0.580062       , -0.058504       , 0.0             , 29.0            , 0.0             , -13.15628549    , -10.52711217    , -10.809432      , -10.82216328    , -7.6426007      , -7.115532597    , -8.834626427    , -3.562134836    , -13.99978876    , 0.0             , 0.0             , 0.0             , -10.67412762    
6               , 0.008197568388  , 42.5913085      , -0.003992415855 , -0.01018973754  , 0.3492185654    , 0.3491451642    , 0.2925405956    , -0.1593942179   , -0.004340598605 , -0.01018973754  , 0.0670217       , 0.0514698         , 0.119918          , 0.36818         , 0.996164        , 27.9553           , 54.3553           , 0.119987        , 0.139795        , 0.0499871          , 0.612087        , 2.66642           , 5.62551          , 0.0819061       , 0.058365        , 0.039045        , 0.0240885       , 0.0127945       , 0.119918          , 0.101256          , 0.0831732         , 0.067165          , 0.0514698         , 0.996164        , 0.827541        , 0.684067        , 0.512574        , 0.36818         , 27.9553           , 46.4653           , 51.6075           , 35.8249           , 39.2526           , 0.120379        , 0.122357        , 0.121586        , 0.131035        , 0.139795        , -0.232395       , 0.00894509      , -0.283354       , -0.605113       , -0.0915217      , 0.0             , 29.0            , 0.0             , -13.13798432    , -10.57056406    , -10.78525321    , -10.75891989    , -7.618179891    , -4.664106686    , -5.904456462    , -0.4852466932   , -7.820078979    , 0.0             , 0.0             , 0.0             , -7.632688664    
7               , 0.007836222406  , 43.87801015     , -0.004168318991 , -0.009884385352 , 0.3439018698    , 0.3438378463    , 0.288785974     , -0.1573539995   , -0.003999139884 , -0.009884385352 , 0.0670025       , 0.0516202         , 0.119855          , 0.368181        , 0.995813        , 27.9616           , 54.3452           , 0.119902        , 0.140203        , 0.0499019          , 0.661452        , 2.66081           , 5.62032          , 0.0818515       , 0.0583284       , 0.0390258       , 0.0241033       , 0.0128269       , 0.119855          , 0.101174          , 0.083114          , 0.0672097         , 0.0516202         , 0.995813        , 0.827541        , 0.684069        , 0.512577        , 0.368181        , 27.9616           , 46.5351           , 51.6972           , 35.8369           , 39.2327           , 0.120359        , 0.122258        , 0.121499        , 0.131121        , 0.140203        , -0.25667        , -0.0158966      , -0.312462       , -0.642173       , -0.165398       , 0.0             , 29.0            , 0.0             , -13.15683306    , -10.53925307    , -10.81204025    , -10.80133949    , -7.620247164    , -3.362600441    , -4.720985397    , 0.8307684678    , -5.479561166    , 0.0             , 0.0             , 0.0             , -7.078034716    
8               , 0.006871167051  , 48.45944462     , -0.004753606671 , -0.009494222296 , 0.3330099013    , 0.3329729392    , 0.281669121     , -0.1548907508   , -0.00321295969  , -0.009494222296 , 0.0668397       , 0.0516215         , 0.119479          , 0.368191        , 0.995113        , 27.9978           , 54.5339           , 0.119538        , 0.140203        , 0.049538           , 0.855134        , 2.66143           , 5.65834          , 0.081561        , 0.0581729       , 0.0389188       , 0.0240732       , 0.0128378       , 0.119479          , 0.100829          , 0.0827866         , 0.0670515         , 0.0516215         , 0.995113        , 0.827542        , 0.684076        , 0.512593        , 0.368191        , 27.9978           , 46.8316           , 52.1038           , 35.9462           , 39.2863           , 0.120066        , 0.121841        , 0.12102         , 0.130808        , 0.140203        , -0.312186       , -0.0831404      , -0.401972       , -0.783496       , -0.45117        , 0.0             , 29.0            , 0.0             , -13.18467105    , -10.57303935    , -10.82639106    , -10.81471568    , -7.672073592    , -4.539050837    , -5.033693818    , 0.917040846     , -6.09780147     , 0.0             , 0.0             , 0.0             , -7.194994095    
9               , 0.006534303657  , 50.60370064     , -0.005009542566 , -0.009507551641 , 0.330686561     , 0.3306599462    , 0.2805630873    , -0.1555071401   , -0.002985739519 , -0.009507551641 , 0.0667381       , 0.0514521         , 0.11925           , 0.368199        , 0.994916        , 28.0242           , 54.7              , 0.119354        , 0.13974         , 0.0493544          , 0.951637        , 2.66955           , 5.69769          , 0.081404        , 0.0580951       , 0.038858        , 0.0240351       , 0.0128103       , 0.11925           , 0.100656          , 0.0825974         , 0.0668807         , 0.0514521         , 0.994916        , 0.827543        , 0.684079        , 0.512602        , 0.368199        , 28.0242           , 46.9936           , 52.3388           , 36.0223           , 39.359            , 0.119859        , 0.121633        , 0.120742        , 0.130473        , 0.13974         , -0.332217       , -0.110377       , -0.442609       , -0.855569       , -0.589546       , 0.0             , 29.0            , 0.0             , -13.14907646    , -10.55281122    , -10.80485223    , -10.81066805    , -7.616694949    , -5.735420668    , -7.067128303    , -2.132720715    , -10.42405472    , 0.0             , 0.0             , 0.0             , -9.109052873    
10              , 0.00466853118   , 65.92206321     , -0.006074954213 , -0.009419364975 , 0.3077346584    , 0.3077592076    , 0.2677085926    , -0.1566380605   , -0.002070453589 , -0.009419364975 , 0.0660031       , 0.0503754         , 0.117582          , 0.36833         , 0.993276        , 28.2076           , 55.8484           , 0.117952        , 0.136767        , 0.0479522          , 1.66523         , 2.71466           , 5.94294          , 0.0802248       , 0.0575228       , 0.0384146       , 0.0237741       , 0.0126459       , 0.117582          , 0.0993817         , 0.081226          , 0.0656981         , 0.0503754         , 0.993276        , 0.827555        , 0.684117        , 0.512693        , 0.36833         , 28.2076           , 48.1997           , 54.0633           , 36.5578           , 39.8302           , 0.118378        , 0.120091        , 0.118731        , 0.128143        , 0.136767        , -0.489637       , -0.322742       , -0.745334       , -1.37764        , -1.63583        , 0.0             , 29.0            , 0.0             , -13.15565368    , -10.54860563    , -10.8647211     , -10.81861265    , -7.623305738    , -10.13115638    , -11.11688415    , -5.522006929    , -18.89957682    , 0.0             , 0.0             , 0.0             , -13.09545529    
11              , 0.004581033197  , 67.05848508     , -0.006142783239 , -0.009635775236 , 0.3071698858    , 0.3071971463    , 0.267915256     , -0.1585064338   , -0.002178459515 , -0.009635775236 , 0.0658578       , 0.0500044         , 0.117292          , 0.368362        , 0.993226        , 28.2411           , 56.1122           , 0.11766         , 0.135748        , 0.0476603          , 1.80102         , 2.72929           , 6.00116          , 0.0800217       , 0.057427        , 0.0383326       , 0.0237033       , 0.0125811       , 0.117292          , 0.099169          , 0.0809746         , 0.065404          , 0.0500044         , 0.993226        , 0.827557        , 0.684123        , 0.512711        , 0.368362        , 28.2411           , 48.4151           , 54.3758           , 36.6671           , 39.9555           , 0.118092        , 0.119834        , 0.118363        , 0.127565        , 0.135748        , -0.502904       , -0.346465       , -0.783483       , -1.45584        , -1.80102        , 0.0             , 29.0            , 0.0             , -13.19014194    , -10.55944883    , -10.81799781    , -10.82869389    , -7.640908072    , -8.284866892    , -9.371061253    , -4.98589589     , -15.83282705    , 0.0             , 0.0             , 0.0             , -11.54961826    
12              , 0.004532254738  , 67.586673       , -0.006160920679 , -0.009679582523 , 0.3062915904    , 0.3063200189    , 0.2675135314    , -0.158953053    , -0.002201598513 , -0.009679582523 , 0.0658124       , 0.0500011         , 0.117162          , 0.368375        , 0.993158        , 28.2582           , 56.1696           , 0.117542        , 0.135734        , 0.0475416          , 1.86433         , 2.73382           , 6.02106          , 0.0799355       , 0.0573842       , 0.038304        , 0.0236951       , 0.0125842       , 0.117162          , 0.0990744         , 0.0808878         , 0.0653612         , 0.0500011         , 0.993158        , 0.827558        , 0.684126        , 0.512718        , 0.368375        , 28.2582           , 48.5148           , 54.5074           , 36.6997           , 39.9735           , 0.11797         , 0.119719        , 0.118235        , 0.12748         , 0.135734        , -0.512244       , -0.360964       , -0.802692       , -1.48693        , -1.86433        , 0.0             , 29.0            , 0.0             , -13.18113536    , -10.54596433    , -10.82717846    , -10.82105259    , -7.640746141    , -8.769335005    , -9.703808751    , -5.358368321    , -16.57999195    , 0.0             , 0.0             , 0.0             , -11.9310469     
13              , 0.004480756826  , 68.20716452     , -0.006187947071 , -0.009701918237 , 0.3055899189    , 0.305619718     , 0.2671087237    , -0.1595646652   , -0.002191889879 , -0.009701918237 , 0.0657704       , 0.0500832         , 0.117018          , 0.368388        , 0.993126        , 28.2811           , 56.2096           , 0.117411        , 0.135952        , 0.0474111          , 1.92761         , 2.74007           , 6.04731          , 0.079839        , 0.0573366       , 0.0382737       , 0.0236972       , 0.0126047       , 0.117018          , 0.09897           , 0.080798          , 0.0653562         , 0.0500832         , 0.993126        , 0.827559        , 0.68413         , 0.512725        , 0.368388        , 28.2811           , 48.6468           , 54.6729           , 36.7332           , 39.9805           , 0.117828        , 0.119593        , 0.118103        , 0.127468        , 0.135952        , -0.521736       , -0.377503       , -0.823362       , -1.51841        , -1.92761        , 0.0             , 29.0            , 0.0             , -13.19756107    , -10.55432059    , -10.84055944    , -10.82732838    , -7.629780385    , -10.07950684    , -11.15684414    , -5.52205245     , -19.18473021    , 0.0             , 0.0             , 0.0             , -13.29390677    
14              , 0.004421627448  , 69.14856406     , -0.006251558896 , -0.009758413181 , 0.3057172473    , 0.3057491888    , 0.2670825322    , -0.1613286581   , -0.002146183126 , -0.009758413181 , 0.0656907       , 0.0502591         , 0.11671           , 0.368411        , 0.993178        , 28.3342           , 56.2821           , 0.11717         , 0.136421        , 0.0471702          , 2.02878         , 2.75531           , 6.10451          , 0.0796431       , 0.0572456       , 0.0382181       , 0.0237031       , 0.012647        , 0.11671           , 0.0987706         , 0.0806372         , 0.0653581         , 0.0502591         , 0.993178        , 0.827562        , 0.684135        , 0.512737        , 0.368411        , 28.3342           , 48.9221           , 55.0043           , 36.7986           , 39.9977           , 0.117511        , 0.119351        , 0.117867        , 0.127469        , 0.136421        , -0.53554        , -0.40534        , -0.854994       , -1.56544        , -2.02878        , 0.0             , 29.0            , 0.0             , -13.17702115    , -10.55476175    , -10.8235908     , -10.85860119    , -7.641551628    , -6.423622413    , -7.630076471    , -2.462586149    , -11.36803532    , 0.0             , 0.0             , 0.0             , -9.403741584    
15              , 0.004371146767  , 70.45972498     , -0.006380204994 , -0.01021890389  , 0.3079547308    , 0.307989799     , 0.2680097877    , -0.1712747755   , -0.002241697679 , -0.01021890389  , 0.0652775       , 0.0510285         , 0.115148          , 0.368543        , 0.993618        , 28.6096           , 56.7468           , 0.115888        , 0.13846         , 0.0458877          , 2.54389         , 2.83816           , 6.41202          , 0.0786585       , 0.0567902       , 0.0379327       , 0.0237156       , 0.0128374       , 0.115148          , 0.0977639         , 0.0798063         , 0.0652973         , 0.0510285         , 0.993618        , 0.827579        , 0.684167        , 0.512802        , 0.368543        , 28.6096           , 50.372            , 56.7468           , 37.1448           , 40.1112           , 0.115888        , 0.118132        , 0.116647        , 0.127334        , 0.13846         , -0.594976       , -0.543247       , -1.01801        , -1.81248        , -2.54389        , 0.0             , 29.0            , 0.0             , -13.17219075    , -10.55726653    , -10.81645494    , -10.79283751    , -7.641688597    , -4.550657655    , -5.668340711    , -0.6090669269   , -7.331662832    , 0.0             , 0.0             , 0.0             , -7.584907149    
16              , 0.004305120845  , 71.33449798     , -0.006415263988 , -0.01006005236  , 0.3070668015    , 0.3071036342    , 0.266758673     , -0.1717157531   , -0.002057827452 , -0.01006005236  , 0.065267        , 0.0515104         , 0.114903          , 0.368553        , 0.993648        , 28.661            , 56.9922           , 0.115638        , 0.139764        , 0.0456379          , 2.57906         , 2.84663           , 6.44675          , 0.0785159       , 0.0567363       , 0.037913        , 0.0237693       , 0.0129372       , 0.114903          , 0.0976458         , 0.0797577         , 0.0654905         , 0.0515104         , 0.993648        , 0.827582        , 0.684172        , 0.512807        , 0.368553        , 28.661            , 50.6043           , 56.9922           , 37.161            , 40.0467           , 0.115638        , 0.117989        , 0.116575        , 0.12771         , 0.139764        , -0.608493       , -0.570446       , -1.0435         , -1.83231        , -2.57906        , 0.0             , 29.0            , 0.0             , -13.16936141    , -10.53828919    , -10.80603879    , -10.84294528    , -7.645500723    , -4.120307481    , -5.475680547    , 0.5499786018    , -6.238757884    , 0.0             , 0.0             , 0.0             , -6.664655821    
17              , 0.003631762809  , 77.92851689     , -0.006247631462 , -0.008021726338 , 0.2829722293    , 0.2830178894    , 0.2445838267    , -0.1702664103   , -0.0006012184951, -0.008021726338 , 0.0651686       , 0.0571587         , 0.112568          , 0.368725        , 0.992783        , 29.1574           , 59.6691           , 0.113387        , 0.155017        , 0.0433868          , 3.11695         , 2.90713           , 6.74561          , 0.0771179       , 0.0560574       , 0.0376811       , 0.024423        , 0.0141156       , 0.112568          , 0.0962863         , 0.0793177         , 0.0677959         , 0.0571587         , 0.992783        , 0.827647        , 0.684258        , 0.512901        , 0.368725        , 29.1574           , 53.1406           , 59.6691           , 37.2735           , 39.1094           , 0.113387        , 0.116337        , 0.115918        , 0.132181        , 0.155017        , -0.819661       , -0.914411       , -1.38141        , -2.13483        , -3.11695        , 0.0             , 29.0            , 0.0             , -13.11844849    , -10.53354018    , -10.79798979    , -10.79755903    , -7.600043634    , -9.727166116    , -10.76278873    , -5.505395406    , -18.91835375    , 0.0             , 0.0             , 0.0             , -12.89012236    
18              , 0.003409715155  , 83.48311814     , -0.006526631179 , -0.007743945745 , 0.2845992471    , 0.2846536531    , 0.2457433905    , -0.1660221476   , -0.0001104394484, -0.007743945745 , 0.0654231       , 0.0571261         , 0.113458          , 0.368613        , 0.992743        , 29.0206           , 58.7257           , 0.114288        , 0.154976        , 0.0442876          , 2.77897         , 2.86779           , 6.58649          , 0.0776934       , 0.0562798       , 0.0378451       , 0.0244661       , 0.0140832       , 0.113458          , 0.0967294         , 0.0797296         , 0.068037          , 0.0571261         , 0.992743        , 0.82763         , 0.684229        , 0.512847        , 0.368613        , 29.0206           , 52.3941           , 58.7257           , 37.0645           , 38.9935           , 0.114288        , 0.116875        , 0.116525        , 0.132665        , 0.154976        , -0.782835       , -0.836503       , -1.27665        , -1.96605        , -2.77897        , 0.0             , 29.0            , 0.0             , -13.19617118    , -10.58712418    , -10.84977666    , -10.82742983    , -7.666675753    , -6.686597231    , -7.634719007    , -3.183666202    , -11.94273228    , 0.0             , 0.0             , 0.0             , -9.463434189    
19              , 0.003186024445  , 90.14697855     , -0.006839417501 , -0.006785709013 , 0.2871467071    , 0.2872104773    , 0.2432908722    , -0.1655062753   , 0.001128348716  , -0.006785709013 , 0.0657006       , 0.0600511         , 0.113244          , 0.368522        , 0.993267        , 29.158            , 59.0313           , 0.114012        , 0.162951        , 0.0440121          , 2.47036         , 2.87665           , 6.60216          , 0.0776585       , 0.0562296       , 0.0379443       , 0.024856        , 0.0146533       , 0.113244          , 0.0966835         , 0.0801245         , 0.0695641         , 0.0600511         , 0.993267        , 0.827639        , 0.684224        , 0.512803        , 0.368522        , 29.158            , 52.9237           , 59.0313           , 36.8685           , 38.3521           , 0.114012        , 0.116818        , 0.117103        , 0.135655        , 0.162951        , -0.797362       , -0.878685       , -1.25999        , -1.81716        , -2.47036        , 0.0             , 29.0            , 0.0             , -13.20571093    , -10.58635999    , -10.84205426    , -10.84161009    , -7.692760645    , -11.62278904    , -13.65256217    , -5.507166515    , -19.86681144    , 0.0             , 0.0             , 0.0             , -15.5146348     
20              , 0.003086810554  , 93.6685194      , -0.007005804728 , -0.004655288051 , 0.289068568     , 0.2891369743    , 0.2348097333    , -0.1642520478   , 0.003254194884  , -0.004655288051 , 0.0662725       , 0.0669929         , 0.112449          , 0.368381        , 0.99427         , 29.5229           , 60.0851           , 0.113097        , 0.181858        , 0.0430972          , 1.89203         , 2.90457           , 6.67756          , 0.0773801       , 0.0560341       , 0.0381221       , 0.0257676       , 0.016018        , 0.112449          , 0.0964193         , 0.08091           , 0.0730971         , 0.0669929         , 0.99427         , 0.827672        , 0.684228        , 0.512731        , 0.368381        , 29.5229           , 54.4455           , 60.0851           , 36.4651           , 36.7923           , 0.113097        , 0.116495        , 0.11825         , 0.142564        , 0.181858        , -0.858265       , -1.01833        , -1.27164        , -1.54185        , -1.89203        , 0.0             , 29.0            , 0.0             , -13.18074593    , -10.55779634    , -10.79894458    , -10.821007      , -7.678670147    , -11.6318569     , -13.55263518    , -5.51457533     , -19.88562915    , 0.0             , 0.0             , 0.0             , -15.57116979    
21              , 0.003094920738  , 93.83624023     , -0.007042327271 , -0.00525183934  , 0.2903468236    , 0.2904157259    , 0.2382279212    , -0.1650258758   , 0.002765834191  , -0.00525183934  , 0.066117        , 0.0649338         , 0.112727          , 0.368407        , 0.994116        , 29.4177           , 59.7509           , 0.113394        , 0.176256        , 0.0433937          , 2.01224         , 2.89812           , 6.65504          , 0.0774943       , 0.056107        , 0.0380791       , 0.0254974       , 0.0156102       , 0.112727          , 0.0965342         , 0.0807117         , 0.0720641         , 0.0649338         , 0.994116        , 0.82766         , 0.684222        , 0.512744        , 0.368407        , 29.4177           , 53.9894           , 59.7509           , 36.5802           , 37.266            , 0.113394        , 0.116635        , 0.117961        , 0.140546        , 0.176256        , -0.832951       , -0.968357       , -1.25229        , -1.59581        , -2.01224        , 0.0             , 29.0            , 0.0             , -13.17206984    , -10.55714698    , -10.82838566    , -10.85046651    , -7.645851327    , -11.68780913    , -13.57833718    , -5.507468654    , -19.86988866    , 0.0             , 0.0             , 0.0             , -15.61201556    
22              , 0.003085509855  , 93.74670975     , -0.007011272421 , -0.004713847407 , 0.2891878724    , 0.2892563968    , 0.2351486075    , -0.164324694    , 0.003208092636  , -0.004713847407 , 0.0662569       , 0.066787          , 0.112477          , 0.368383        , 0.994254        , 29.5124           , 60.0516           , 0.113127        , 0.181298        , 0.0431268          , 1.90405         , 2.90392           , 6.67531          , 0.0773916       , 0.0560414       , 0.0381178       , 0.0257406       , 0.0159772       , 0.112477          , 0.0964307         , 0.0808901         , 0.0729938         , 0.066787          , 0.994254        , 0.827671        , 0.684227        , 0.512732        , 0.368383        , 29.5124           , 54.3998           , 60.0516           , 36.4766           , 36.8399           , 0.113127        , 0.116509        , 0.118221        , 0.142362        , 0.181298        , -0.855739       , -1.01333        , -1.2697         , -1.54725        , -1.90405        , 0.0             , 29.0            , 0.0             , -13.22956053    , -10.5677482     , -10.85401033    , -10.85424554    , -7.679677614    , -11.63785411    , -13.71362266    , -5.511839245    , -19.87672292    , 0.0             , 0.0             , 0.0             , -15.73726009    
23              , 0.003610571894  , 80.59590766     , -0.006547287542 , -0.008120002288 , 0.2909460584    , 0.2909973189    , 0.2531395536    , -0.1580606816   , -0.0006187751626, -0.008120002288 , 0.0656741       , 0.0534001         , 0.115892          , 0.368452        , 0.992561        , 28.5745           , 56.3522           , 0.11631         , 0.144931        , 0.0463101          , 2.20409         , 2.77675           , 6.21973          , 0.0791464       , 0.056865        , 0.0381025       , 0.0240697       , 0.013291        , 0.115892          , 0.0979742         , 0.0803808         , 0.0666998         , 0.0534001         , 0.992561        , 0.827585        , 0.684165        , 0.512763        , 0.368452        , 28.5745           , 50.2535           , 56.3522           , 36.8363           , 39.5186           , 0.11676         , 0.118386        , 0.117488        , 0.130079        , 0.144931        , -0.662906       , -0.587476       , -1.00848        , -1.669          , -2.20409        , 0.0             , 29.0            , 0.0             , -13.16881897    , -10.55058702    , -10.81688401    , -10.84561241    , -7.648948604    , -3.30859805     , -4.067970328    , 1.37507783      , -4.236698775    , 0.0             , 0.0             , 0.0             , -6.089134176    
24              , 0.003069163097  , 94.29250661     , -0.007032588848 , -0.005026150424 , 0.2893298997    , 0.2893990816    , 0.2369392911    , -0.163678426    , 0.002922932358  , -0.005026150424 , 0.0661986       , 0.0654476         , 0.112818          , 0.36839         , 0.994076        , 29.4181           , 59.6733           , 0.113491        , 0.177659        , 0.0434908          , 1.93406         , 2.89123           , 6.62979          , 0.0775671       , 0.0561238       , 0.0381162       , 0.0255735       , 0.0157086       , 0.112818          , 0.0965747         , 0.0808259         , 0.0723645         , 0.0654476         , 0.994076        , 0.82766         , 0.68422         , 0.512735        , 0.36839         , 29.4181           , 53.9714           , 59.6733           , 36.5158           , 37.1274           , 0.113491        , 0.116684        , 0.118129        , 0.141134        , 0.177659        , -0.836963       , -0.970747       , -1.24358        , -1.55942        , -1.93406        , 0.0             , 29.0            , 0.0             , -13.16718943    , -10.57966453    , -10.80344212    , -10.84907124    , -7.658787302    , -10.26626916    , -12.16947718    , -5.506801179    , -19.83956365    , 0.0             , 0.0             , 0.0             , -13.81701683    
25              , 0.003152634165  , 91.87019976     , -0.006957336817 , -0.006429241801 , 0.2895667191    , 0.2896331305    , 0.2441781657    , -0.1613148869   , 0.001462900525  , -0.006429241801 , 0.0659086       , 0.0596081         , 0.114188          , 0.368429        , 0.993337        , 29.0324           , 58.2047           , 0.114954        , 0.16179         , 0.0449536          , 2.10651         , 2.84186           , 6.45623          , 0.0782513       , 0.0564539       , 0.0380871       , 0.0248366       , 0.0145399       , 0.114188          , 0.0971505         , 0.0804939         , 0.0695831         , 0.0596081         , 0.993337        , 0.827622        , 0.684196        , 0.512754        , 0.368429        , 29.0324           , 52.2715           , 58.2047           , 36.7144           , 38.3639           , 0.114954        , 0.117385        , 0.117648        , 0.135705        , 0.16179         , -0.761129       , -0.79829        , -1.14461        , -1.6338         , -2.10651        , 0.0             , 29.0            , 0.0             , -13.20695758    , -10.54960182    , -10.84760774    , -10.85604491    , -7.679814896    , -11.49378019    , -13.04106235    , -5.503487151    , -19.86727013    , 0.0             , 0.0             , 0.0             , -14.98511231    
26              , 0.003064206514  , 94.452441       , -0.007038334747 , -0.005160165758 , 0.2893524163    , 0.2894217849    , 0.2376658528    , -0.1634403968   , 0.00279674663   , -0.005160165758 , 0.0661696       , 0.0648636         , 0.112955          , 0.368393        , 0.994001        , 29.3794           , 59.5252           , 0.113637        , 0.176071        , 0.0436372          , 1.95131         , 2.88629           , 6.61244          , 0.0776355       , 0.0561568       , 0.0381133       , 0.0254998       , 0.0155917       , 0.112955          , 0.0966323         , 0.0807928         , 0.0720863         , 0.0648636         , 0.994001        , 0.827656        , 0.684218        , 0.512737        , 0.368393        , 29.3794           , 53.7992           , 59.5252           , 36.5362           , 37.2542           , 0.113637        , 0.116754        , 0.118081        , 0.140591        , 0.176071        , -0.829472       , -0.953502       , -1.23369        , -1.56686        , -1.95131        , 0.0             , 29.0            , 0.0             , -13.17090833    , -10.54804997    , -10.84402725    , -10.85117273    , -7.64918655     , -11.58150316    , -13.53564901    , -5.521851373    , -19.89148744    , 0.0             , 0.0             , 0.0             , -15.25851103    
27              , 0.003071828933  , 94.36642358     , -0.007046621557 , -0.005648996988 , 0.28980813      , 0.2898775103    , 0.2404779432    , -0.1625827809   , 0.002312630746  , -0.005648996988 , 0.066057        , 0.0625615         , 0.113504          , 0.368405        , 0.993741        , 29.235            , 58.9808           , 0.114219        , 0.169817        , 0.0442191          , 2.00523         , 2.86871           , 6.54817          , 0.0779125       , 0.0562905       , 0.038102        , 0.0252074       , 0.0151304       , 0.113504          , 0.0968724         , 0.0806705         , 0.0709888         , 0.0625615         , 0.993741        , 0.827641        , 0.684207        , 0.512742        , 0.368405        , 29.235            , 53.1651           , 58.9808           , 36.6228           , 37.7561           , 0.114219        , 0.117046        , 0.117904        , 0.138449        , 0.169817        , -0.801437       , -0.886773       , -1.19117        , -1.58785        , -2.00523        , 0.0             , 29.0            , 0.0             , -13.11959773    , -10.55287832    , -10.79364326    , -10.85093023    , -7.597591031    , -11.68145907    , -13.35809523    , -5.529798249    , -19.89749264    , 0.0             , 0.0             , 0.0             , -15.51271522    
28              , 0.003063213614  , 94.49783517     , -0.007040906951 , -0.00520821133  , 0.2893976243    , 0.2894670552    , 0.237947166     , -0.163354226    , 0.002750896805  , -0.00520821133  , 0.0661584       , 0.0646333         , 0.11301           , 0.368394        , 0.993975        , 29.365            , 59.4706           , 0.113695        , 0.175446        , 0.0436954          , 1.9567          , 2.88453           , 6.60601          , 0.0776632       , 0.0561702       , 0.0381122       , 0.0254705       , 0.0155456       , 0.11301           , 0.0966563         , 0.0807806         , 0.0719766         , 0.0646333         , 0.993975        , 0.827654        , 0.684217        , 0.512737        , 0.368394        , 29.365            , 53.7355           , 59.4706           , 36.5449           , 37.3048           , 0.113695        , 0.116783        , 0.118063        , 0.140377        , 0.175446        , -0.82668        , -0.94683        , -1.22943        , -1.56896        , -1.9567         , 0.0             , 29.0            , 0.0             , -13.22969069    , -10.60158691    , -10.86394183    , -10.83719543    , -7.682059288    , -11.1572142     , -12.71062981    , -5.489570316    , -19.85293546    , 0.0             , 0.0             , 0.0             , -14.52964056    
29              , 0.00306943693   , 94.59603958     , -0.0070657313   , -0.005348738192 , 0.2902868217    , 0.2903565773    , 0.2390732724    , -0.1635287964   , 0.002638700946  , -0.005348738192 , 0.066102        , 0.0638528         , 0.113147          , 0.368397        , 0.993965        , 29.3332           , 59.3808           , 0.113834        , 0.173326        , 0.0438339          , 1.96947         , 2.88311           , 6.59795          , 0.0777262       , 0.0562005       , 0.0380964       , 0.0253658       , 0.0153894       , 0.113147          , 0.0967147         , 0.0807184         , 0.0715878         , 0.0638528         , 0.993965        , 0.82765         , 0.684213        , 0.512738        , 0.368397        , 29.3332           , 53.6101           , 59.3808           , 36.5935           , 37.4916           , 0.113834        , 0.116855        , 0.117973        , 0.139619        , 0.173326        , -0.818203       , -0.92792        , -1.21515        , -1.57258        , -1.96947        , 0.0             , 29.0            , 0.0             , -13.14703858    , -10.54455533    , -10.82164971    , -10.80158123    , -7.613122689    , -11.68410531    , -13.66418788    , -5.523620628    , -19.88810953    , 0.0             , 0.0             , 0.0             , -15.97364744    
30              , 0.003063703179  , 94.51178759     , -0.007043524051 , -0.005222201259 , 0.2894865961    , 0.2895560641    , 0.2380598478    , -0.1633716876   , 0.002739883858  , -0.005222201259 , 0.0661527       , 0.0645553         , 0.113024          , 0.368395        , 0.993974        , 29.3618           , 59.4616           , 0.113709        , 0.175234        , 0.0437092          , 1.95798         , 2.88439           , 6.60521          , 0.0776695       , 0.0561732       , 0.0381106       , 0.0254601       , 0.01553         , 0.113024          , 0.0966622         , 0.0807744         , 0.0719377         , 0.0645553         , 0.993974        , 0.827654        , 0.684216        , 0.512737        , 0.368395        , 29.3618           , 53.7229           , 59.4616           , 36.5498           , 37.3235           , 0.113709        , 0.116791        , 0.118054        , 0.140301        , 0.175234        , -0.825833       , -0.944939       , -1.22801        , -1.56932        , -1.95798        , 0.0             , 29.0            , 0.0             , -13.17349228    , -10.55948001    , -10.84237083    , -10.84286444    , -7.642606915    , -11.71426637    , -13.51192568    , -5.5280964      , -19.9012191     , 0.0             , 0.0             , 0.0             , -15.80870058    
31              , 0.003063261432  , 94.49926589     , -0.007041169816 , -0.005209609738 , 0.2894065219    , 0.2894759566    , 0.2379584349    , -0.1633559722   , 0.002749797295  , -0.005209609738 , 0.0661578       , 0.0646255         , 0.113012          , 0.368395        , 0.993975        , 29.3647           , 59.4697           , 0.113697        , 0.175425        , 0.0436968          , 1.95683         , 2.88452           , 6.60593          , 0.0776638       , 0.0561705       , 0.038112        , 0.0254695       , 0.015544        , 0.113012          , 0.0966688         , 0.08078           , 0.0719727         , 0.0646255         , 0.993975        , 0.827654        , 0.684216        , 0.512737        , 0.368395        , 29.3647           , 53.7342           , 59.4697           , 36.5454           , 37.3066           , 0.113697        , 0.116799        , 0.118062        , 0.140369        , 0.175425        , -0.826596       , -0.94664        , -1.22929        , -1.569          , -1.95683        , 0.0             , 29.0            , 0.0             , -13.14017159    , -10.52905373    , -10.78915916    , -10.82387396    , -7.604473236    , -11.63628246    , -13.46364458    , -5.497919513    , -19.86169428    , 0.0             , 0.0             , 0.0             , -15.72002376    
32              , 0.003063218385  , 94.49797859     , -0.007040933249 , -0.005208351165 , 0.2893985141    , 0.2894679453    , 0.2379482929    , -0.1633544006   , 0.002750786872  , -0.005208351165 , 0.0661583       , 0.0646326         , 0.11301           , 0.368394        , 0.993975        , 29.365            , 59.4705           , 0.113696        , 0.175444        , 0.0436955          , 1.95671         , 2.88453           , 6.60601          , 0.0776633       , 0.0561702       , 0.0381122       , 0.0254704       , 0.0155455       , 0.11301           , 0.0966564         , 0.0807806         , 0.0719762         , 0.0646326         , 0.993975        , 0.827654        , 0.684217        , 0.512737        , 0.368394        , 29.365            , 53.7354           , 59.4705           , 36.545            , 37.305            , 0.113696        , 0.116784        , 0.118063        , 0.140376        , 0.175444        , -0.826672       , -0.946811       , -1.22942        , -1.56896        , -1.95671        , 0.0             , 29.0            , 0.0             , -13.206516      , -10.57664024    , -10.82161645    , -10.86427592    , -7.634352667    , -11.6100798     , -13.69586546    , -5.507529834    , -19.88079928    , 0.0             , 0.0             , 0.0             , -15.74083261    
33              , 0.003063214091  , 94.49784951     , -0.007040909581 , -0.005208225314 , 0.2893977133    , 0.2894671442    , 0.2379472787    , -0.1633542434   , 0.002750885812  , -0.005208225314 , 0.0661584       , 0.0646333         , 0.11301           , 0.368394        , 0.993975        , 29.365            , 59.4706           , 0.113695        , 0.175446        , 0.0436954          , 1.9567          , 2.88453           , 6.60601          , 0.0776632       , 0.0561702       , 0.0381122       , 0.0254705       , 0.0155456       , 0.11301           , 0.0966563         , 0.0807806         , 0.0719765         , 0.0646333         , 0.993975        , 0.827654        , 0.684217        , 0.512737        , 0.368394        , 29.365            , 53.7355           , 59.4706           , 36.5449           , 37.3048           , 0.113695        , 0.116783        , 0.118063        , 0.140377        , 0.175446        , -0.82668        , -0.946828       , -1.22943        , -1.56896        , -1.9567         , 0.0             , 29.0            , 0.0             , -13.15074694    , -10.54759839    , -10.8570087     , -10.84255658    , -7.624646326    , -11.55007667    , -13.4454472     , -5.517649638    , -19.8928626     , 0.0             , 0.0             , 0.0             , -15.36346886    
34              , 0.003063213662  , 94.4978366      , -0.007040907214 , -0.005208212729 , 0.2893976332    , 0.2894670641    , 0.2379471773    , -0.1633542277   , 0.002750895706  , -0.005208212729 , 0.0661584       , 0.0646333         , 0.11301           , 0.368394        , 0.993975        , 29.365            , 59.4706           , 0.113695        , 0.175446        , 0.0436954          , 1.9567          , 2.88453           , 6.60601          , 0.0776632       , 0.0561702       , 0.0381122       , 0.0254705       , 0.0155456       , 0.11301           , 0.0966563         , 0.0807806         , 0.0719766         , 0.0646333         , 0.993975        , 0.827654        , 0.684217        , 0.512737        , 0.368394        , 29.365            , 53.7355           , 59.4706           , 36.5449           , 37.3048           , 0.113695        , 0.116783        , 0.118063        , 0.140377        , 0.175446        , -0.82668        , -0.946829       , -1.22943        , -1.56896        , -1.9567         , 0.0             , 29.0            , 0.0             , -13.19079595    , -10.5492164     , -10.84968509    , -10.84129749    , -7.648627468    , -11.59085528    , -13.54317059    , -5.525000719    , -19.90267527    , 0.0             , 0.0             , 0.0             , -15.47493761    
35              , 0.003063213619  , 94.49783531     , -0.007040906977 , -0.00520821147  , 0.2893976252    , 0.2894670561    , 0.2379471672    , -0.1633542261   , 0.002750896695  , -0.00520821147  , 0.0661584       , 0.0646333         , 0.11301           , 0.368394        , 0.993975        , 29.365            , 59.4706           , 0.113695        , 0.175446        , 0.0436954          , 1.9567          , 2.88453           , 6.60601          , 0.0776632       , 0.0561702       , 0.0381122       , 0.0254705       , 0.0155456       , 0.11301           , 0.0966563         , 0.0807806         , 0.0719766         , 0.0646333         , 0.993975        , 0.827654        , 0.684217        , 0.512737        , 0.368394        , 29.365            , 53.7355           , 59.4706           , 36.5449           , 37.3048           , 0.113695        , 0.116783        , 0.118063        , 0.140377        , 0.175446        , -0.82668        , -0.94683        , -1.22943        , -1.56896        , -1.9567         , 0.0             , 29.0            , 0.0             , -13.15909002    , -10.55191061    , -10.87150838    , -10.81371227    , -7.634349997    , -10.92183831    , -12.40950538    , -5.479949424    , -19.8461621     , 0.0             , 0.0             , 0.0             , -14.34658921    
36              , 0.003063213615  , 94.49783518     , -0.007040906953 , -0.005208211344 , 0.2893976244    , 0.2894670553    , 0.2379471661    , -0.163354226    , 0.002750896794  , -0.005208211344 , 0.0661584       , 0.0646333         , 0.11301           , 0.368394        , 0.993975        , 29.365            , 59.4706           , 0.113695        , 0.175446        , 0.0436954          , 1.9567          , 2.88453           , 6.60601          , 0.0776632       , 0.0561702       , 0.0381122       , 0.0254705       , 0.0155456       , 0.11301           , 0.0966563         , 0.0807806         , 0.0719766         , 0.0646333         , 0.993975        , 0.827654        , 0.684217        , 0.512737        , 0.368394        , 29.365            , 53.7355           , 59.4706           , 36.5449           , 37.3048           , 0.113695        , 0.116783        , 0.118063        , 0.140377        , 0.175446        , -0.82668        , -0.94683        , -1.22943        , -1.56896        , -1.9567         , 0.0             , 29.0            , 0.0             , -13.18770195    , -10.57246341    , -10.83457931    , -10.83369012    , -7.654799046    , -11.63465811    , -13.56653753    , -5.514863883    , -19.89612782    , 0.0             , 0.0             , 0.0             , -15.50698304    
37              , 0.003063213614  , 94.49783517     , -0.007040906951 , -0.005208211332 , 0.2893976243    , 0.2894670552    , 0.237947166     , -0.163354226    , 0.002750896804  , -0.005208211332 , 0.0661584       , 0.0646333         , 0.11301           , 0.368394        , 0.993975        , 29.365            , 59.4706           , 0.113695        , 0.175446        , 0.0436954          , 1.9567          , 2.88453           , 6.60601          , 0.0776632       , 0.0561702       , 0.0381122       , 0.0254705       , 0.0155456       , 0.11301           , 0.0966563         , 0.0807806         , 0.0719766         , 0.0646333         , 0.993975        , 0.827654        , 0.684217        , 0.512737        , 0.368394        , 29.365            , 53.7355           , 59.4706           , 36.5449           , 37.3048           , 0.113695        , 0.116783        , 0.118063        , 0.140377        , 0.175446        , -0.82668        , -0.94683        , -1.22943        , -1.56896        , -1.9567         , 0.0             , 29.0            , 0.0             , -13.17660366    , -10.57219383    , -10.8292914     , -10.81866196    , -7.667579141    , -11.66550365    , -13.76045173    , -5.526628755    , -19.89010268    , 0.0             , 0.0             , 0.0             , -15.71802967    
38              , 0.003063213614  , 94.49783517     , -0.007040906951 , -0.005208211331 , 0.2893976243    , 0.2894670552    , 0.237947166     , -0.163354226    , 0.002750896805  , -0.005208211331 , 0.0661584       , 0.0646333         , 0.11301           , 0.368394        , 0.993975        , 29.365            , 59.4706           , 0.113695        , 0.175446        , 0.0436954          , 1.9567          , 2.88453           , 6.60601          , 0.0776632       , 0.0561702       , 0.0381122       , 0.0254705       , 0.0155456       , 0.11301           , 0.0966563         , 0.0807806         , 0.0719766         , 0.0646333         , 0.993975        , 0.827654        , 0.684217        , 0.512737        , 0.368394        , 29.365            , 53.7355           , 59.4706           , 36.5449           , 37.3048           , 0.113695        , 0.116783        , 0.118063        , 0.140377        , 0.175446        , -0.82668        , -0.94683        , -1.22943        , -1.56896        , -1.9567         , 0.0             , 29.0            , 0.0             , -13.18725694    , -10.57754896    , -10.82025286    , -10.85233114    , -7.65339183     , -11.66627575    , -13.60918072    , -5.517275795    , -19.8849145     , 0.0             , 0.0             , 0.0             , -15.70174082    
39              , 0.003063213614  , 94.49783517     , -0.007040906951 , -0.005208211331 , 0.2893976243    , 0.2894670552    , 0.237947166     , -0.163354226    , 0.002750896805  , -0.005208211331 , 0.0661584       , 0.0646333         , 0.11301           , 0.368394        , 0.993975        , 29.365            , 59.4706           , 0.113695        , 0.175446        , 0.0436954          , 1.9567          , 2.88453           , 6.60601          , 0.0776632       , 0.0561702       , 0.0381122       , 0.0254705       , 0.0155456       , 0.11301           , 0.0966563         , 0.0807806         , 0.0719766         , 0.0646333         , 0.993975        , 0.827654        , 0.684217        , 0.512737        , 0.368394        , 29.365            , 53.7355           , 59.4706           , 36.5449           , 37.3048           , 0.113695        , 0.116783        , 0.118063        , 0.140377        , 0.175446        , -0.82668        , -0.94683        , -1.22943        , -1.56896        , -1.9567         , 0.0             , 29.0            , 0.0             , -13.15829564    , -10.56103963    , -10.83518582    , -10.83497385    , -7.65103918     , -10.87273495    , -11.82882523    , -5.514087543    , -19.73123405    , 0.0             , 0.0             , 0.0             , -13.66856716    
40              , 0.002974026977  , 97.77664064     , -0.007176222173 , -0.005308433757 , 0.2907170174    , 0.290790367     , 0.2389818352    , -0.1641442506   , 0.002702182748  , -0.005308433757 , 0.0658846       , 0.0621921         , 0.113214          , 0.368413        , 0.993962        , 29.341            , 59.6824           , 0.113902        , 0.168811        , 0.0439019          , 2.03839         , 2.89525           , 6.63943          , 0.0777124       , 0.0561787       , 0.037993        , 0.0251157       , 0.0150608       , 0.113214          , 0.0966984         , 0.080449          , 0.0706653         , 0.0621921         , 0.993962        , 0.827649        , 0.684211        , 0.512746        , 0.368413        , 29.341            , 53.784            , 59.6824           , 36.7984           , 37.9641           , 0.113902        , 0.116835        , 0.117579        , 0.137817        , 0.168811        , -0.827629       , -0.923017       , -1.20971        , -1.60307        , -2.03839        , 0.0             , 29.0            , 0.0             , -13.17901973    , -10.56085818    , -10.80023725    , -10.7968927     , -7.651905281    , -11.63960523    , -13.43629201    , -5.525575542    , -19.8938331     , 0.0             , 0.0             , 0.0             , -15.56566321    
41              , 0.002873474306  , 101.8113163     , -0.007338200728 , -0.00533682825  , 0.2924742694    , 0.2925522015    , 0.2398118829    , -0.1649931946   , 0.002665136633  , -0.00533682825  , 0.0654881       , 0.0587125         , 0.11353           , 0.368434        , 0.993966        , 29.3206           , 60.074            , 0.114219        , 0.159357        , 0.0442187          , 2.1288          , 2.91191           , 6.69087          , 0.0777938       , 0.0561851       , 0.0378158       , 0.0246051       , 0.0143684       , 0.11353           , 0.0967602         , 0.079974          , 0.0687906         , 0.0587125         , 0.993966        , 0.827642        , 0.684204        , 0.512755        , 0.368434        , 29.3206           , 53.9447           , 60.074            , 37.1731           , 38.9103           , 0.114219        , 0.116911        , 0.116886        , 0.134159        , 0.159357        , -0.834076       , -0.894106       , -1.17892        , -1.63848        , -2.1288         , 0.0             , 29.0            , 0.0             , -13.15600136    , -10.52504221    , -10.81478851    , -10.85694724    , -7.631523706    , -11.57601368    , -13.13497096    , -5.536272539    , -19.90171575    , 0.0             , 0.0             , 0.0             , -14.99922006    
42              , 0.002774700989  , 106.2766369     , -0.007518358412 , -0.005413715924 , 0.2948030887    , 0.2948858895    , 0.2405069759    , -0.1661094025   , 0.002264726197  , -0.005413715924 , 0.0645032       , 0.0499924         , 0.114375          , 0.368493        , 0.993815        , 29.2638           , 61.0626           , 0.114865        , 0.135667        , 0.0448646          , 2.36115         , 2.94876           , 6.80669          , 0.0780172       , 0.056209        , 0.0373768       , 0.0233268       , 0.012633        , 0.114375          , 0.0969342         , 0.0787976         , 0.0640985         , 0.0499924         , 0.993815        , 0.827628        , 0.684187        , 0.51278         , 0.368493        , 29.2638           , 54.3495           , 61.0626           , 38.0984           , 41.1835           , 0.115086        , 0.117123        , 0.11517         , 0.125002        , 0.135667        , -0.859794       , -0.830129       , -1.10986        , -1.73287        , -2.36115        , 0.0             , 29.0            , 0.0             , -13.18687204    , -10.57443821    , -10.85107359    , -10.82524108    , -7.661725719    , -3.735355769    , -4.956067151    , 0.4391090272    , -6.13691239     , 0.0             , 0.0             , 0.0             , -7.485674264    
43              , 0.002650781065  , 109.4150097     , -0.007472917478 , -0.005235702602 , 0.2899510652    , 0.2900352359    , 0.2379368053    , -0.1636104548   , 0.002498471949  , -0.005235702602 , 0.0648996       , 0.0533086         , 0.114162          , 0.368476        , 0.993552        , 29.2634           , 60.6073           , 0.114903        , 0.144673        , 0.0449033          , 2.29692         , 2.92351           , 6.7318           , 0.0779825       , 0.056215        , 0.0375572       , 0.0238199       , 0.0132937       , 0.114162          , 0.0968941         , 0.0792695         , 0.0659024         , 0.0533086         , 0.993552        , 0.827636        , 0.684197        , 0.512774        , 0.368476        , 29.2634           , 54.1228           , 60.6073           , 37.7307           , 40.3207           , 0.114903        , 0.117073        , 0.115858        , 0.128521        , 0.144673        , -0.863719       , -0.865289       , -1.15019        , -1.71175        , -2.29692        , 0.0             , 29.0            , 0.0             , -13.1768297     , -10.57572839    , -10.78502191    , -10.82811786    , -7.665384037    , -4.539521574    , -5.348308203    , -0.5686099762   , -6.92240376     , 0.0             , 0.0             , 0.0             , -7.46917852     
44              , 0.002652234231  , 109.8105813     , -0.00751362891  , -0.005155795014 , 0.2911585267    , 0.2912433826    , 0.2383957742    , -0.1642110544   , 0.002512354006  , -0.005155795014 , 0.064742        , 0.0520254         , 0.114259          , 0.368482        , 0.993613        , 29.2751           , 60.866            , 0.114937        , 0.141188        , 0.0449371          , 2.32055         , 2.93294           , 6.76261          , 0.0779975       , 0.0562085       , 0.0374835       , 0.0236268       , 0.0130383       , 0.114259          , 0.096912          , 0.0790883         , 0.0652007         , 0.0520254         , 0.993613        , 0.827635        , 0.684195        , 0.512776        , 0.368482        , 29.2751           , 54.2919           , 60.866            , 37.8873           , 40.6694           , 0.114993        , 0.117095        , 0.115593        , 0.127152        , 0.141188        , -0.869691       , -0.861971       , -1.14096        , -1.71981        , -2.32055        , 0.0             , 29.0            , 0.0             , -13.19699781    , -10.57216074    , -10.85278489    , -10.86470339    , -7.639232395    , -3.277046129    , -5.007120982    , 1.198913877     , -5.426777051    , 0.0             , 0.0             , 0.0             , -6.454285006    
45              , 0.002649237705  , 109.5053313     , -0.007476917401 , -0.005231070648 , 0.290021385     , 0.2901056525    , 0.237927132     , -0.1636472546   , 0.002498653044  , -0.005231070648 , 0.0648839       , 0.0531802         , 0.114172          , 0.368476        , 0.993558        , 29.2646           , 60.6332           , 0.114912        , 0.144325        , 0.0449123          , 2.29928         , 2.92445           , 6.73488          , 0.077984        , 0.0562143       , 0.0375498       , 0.0238006       , 0.0132682       , 0.114172          , 0.0968958         , 0.0792514         , 0.0658322         , 0.0531802         , 0.993558        , 0.827636        , 0.684197        , 0.512774        , 0.368476        , 29.2646           , 54.1397           , 60.6332           , 37.7464           , 40.3558           , 0.114912        , 0.117075        , 0.115831        , 0.128384        , 0.144325        , -0.864316       , -0.864957       , -1.14927        , -1.71255        , -2.29928        , 0.0             , 29.0            , 0.0             , -13.18659175    , -10.56203603    , -10.80779999    , -10.79112196    , -7.626422605    , -3.976639158    , -4.830413685    , 0.6648729513    , -5.88766371     , 0.0             , 0.0             , 0.0             , -6.853472284    
